x,y,yaw
-1.9983431,-0.9249948,1.6816714
-2.0017391,-0.8893883,1.6507896
-2.0040586,-0.8536964,1.6205392
-2.0052955,-0.8179512,1.5901869
-2.0054455,-0.7821855,1.5597594
-2.0045061,-0.7464322,1.5292818
-2.0024771,-0.7107244,1.4987778
-1.9993596,-0.6750950,1.4682693
-1.9951569,-0.6395769,1.4377766
-1.9898736,-0.6042028,1.4073178
-1.9835160,-0.5690050,1.3758251
-1.9760163,-0.5340326,1.3439930
-1.9674324,-0.4993110,1.3133117
-1.9578026,-0.4648656,1.2831149
-1.9471390,-0.4307265,1.2530214
-1.9354549,-0.3969231,1.2230376
-1.9227643,-0.3634843,1.1931680
-1.9090825,-0.3304380,1.1634157
-1.8944252,-0.2978116,1.1323228
-1.8787157,-0.2656785,1.1012655
-1.8620617,-0.2340256,1.0717952
-1.8444874,-0.2028750,1.0425348
-1.8260111,-0.1722510,1.0133883
-1.8066518,-0.1421774,0.9843513
-1.7864290,-0.1126770,0.9554187
-1.7653622,-0.0837723,0.9259560
-1.7434364,-0.0555132,0.8957429
-1.7206624,-0.0279334,0.8662613
-1.6971100,-0.0010162,0.8377188
-1.6728004,0.0252185,0.8092489
-1.6477548,0.0507514,0.7808451
-1.6219949,0.0755635,0.7525008
-1.5955424,0.0996367,0.7242098
-1.5684197,0.1229531,0.6954768
-1.5406274,0.1454680,0.6659714
-1.5121765,0.1671444,0.6370169
-1.4831285,0.1880124,0.6089346
-1.4535067,0.2080569,0.5808844
-1.4233349,0.2272629,0.5528641
-1.3926372,0.2456166,0.5248726
-1.3614379,0.2631044,0.4969099
-1.3297618,0.2797137,0.4689770
-1.2976340,0.2954325,0.4410760
-1.2650799,0.3102497,0.4129394
-1.2321179,0.3241371,0.3847986
-1.1987814,0.3370998,0.3580697
-1.1651249,0.3492060,0.3330564
-1.1311825,0.3604852,0.3091449
-1.0969860,0.3709685,0.2863292
-1.0625646,0.3806876,0.2645963
-1.0279449,0.3896751,0.2439273
-0.9931511,0.3979635,0.2242992
-0.9582051,0.4055854,0.2056847
-0.9231267,0.4125731,0.1880544
-0.8879335,0.4189583,0.1713763
-0.8526414,0.4247722,0.1556174
-0.8172642,0.4300453,0.1407439
-0.7818146,0.4348070,0.1267219
-0.7463033,0.4390861,0.1135173
-0.7107401,0.4429100,0.1010968
-0.6751333,0.4463057,0.0894278
-0.6394904,0.4492988,0.0784786
-0.6038177,0.4519140,0.0682189
-0.5681207,0.4541751,0.0586192
-0.5324042,0.4561050,0.0496519
-0.4966723,0.4577256,0.0412904
-0.4609284,0.4590579,0.0335097
-0.4251754,0.4601223,0.0262865
-0.3894159,0.4609382,0.0195985
-0.3536518,0.4615243,0.0133122
-0.3178847,0.4618905,0.0074314
-0.2821162,0.4620559,0.0021733
-0.2463473,0.4620459,-0.0024988
-0.2105788,0.4618771,-0.0067192
-0.1748113,0.4615653,-0.0105021
-0.1390451,0.4611258,-0.0138602
-0.1032805,0.4605738,-0.0168053
-0.0675175,0.4599237,-0.0193475
-0.0317561,0.4591898,-0.0214959
0.0040038,0.4583860,-0.0232585
0.0397624,0.4575261,-0.0246421
0.0755199,0.4566234,-0.0256736
0.1112767,0.4556896,-0.0262867
0.1470331,0.4547431,-0.0264617
0.1827895,0.4537969,-0.0262715
0.2185463,0.4528639,-0.0257191
0.2543037,0.4519572,-0.0248051
0.2900621,0.4510896,-0.0235291
0.3258217,0.4502741,-0.0218896
0.3615828,0.4495238,-0.0198843
0.3973454,0.4488517,-0.0175096
0.4331096,0.4482712,-0.0145638
0.4688756,0.4478099,-0.0111805
0.5046429,0.4474714,-0.0075603
0.5404112,0.4472690,-0.0035577
0.5761800,0.4472169,0.0008446
0.6119487,0.4473295,0.0056215
0.6477163,0.4476190,0.0105982
0.6834820,0.4480876,0.0154641
0.7192452,0.4487253,0.0200021
0.7550053,0.4495184,0.0241574
0.7907620,0.4504533,0.0279238
0.8265151,0.4515158,0.0313831
0.8622645,0.4526980,0.0344348
0.8980105,0.4539787,0.0369462
0.9337535,0.4553404,0.0390057
0.9694939,0.4567683,0.0406449
1.0052323,0.4582473,0.0418556
1.0409691,0.4597617,0.0426291
1.0767051,0.4612959,0.0429560
1.1124410,0.4628338,0.0428267
1.1481774,0.4643587,0.0422305
1.1839151,0.4658539,0.0411563
1.2196547,0.4673021,0.0395925
1.2553968,0.4686856,0.0375265
1.2911421,0.4699861,0.0349452
1.3268909,0.4711850,0.0318347
1.3626435,0.4722631,0.0281805
1.3984001,0.4732007,0.0239674
1.4341606,0.4739775,0.0191794
1.4699245,0.4745726,0.0138000
1.5056913,0.4749647,0.0078120
1.5414597,0.4751315,0.0011978
1.5772285,0.4750503,-0.0060606
1.6129956,0.4746979,-0.0139819
1.6487586,0.4740502,-0.0225847
1.6845143,0.4730824,-0.0318877
1.7202590,0.4717694,-0.0419096
1.7559881,0.4700852,-0.0526688
1.7916961,0.4680034,-0.0641831
1.8273768,0.4654970,-0.0764695
1.8630227,0.4625384,-0.0895438
1.8986255,0.4591000,-0.1034204
1.9341753,0.4551535,-0.1181119
1.9696614,0.4506706,-0.1336284
2.0050714,0.4456229,-0.1499775
2.0403916,0.4399824,-0.1671633
2.0756069,0.4337209,-0.1851863
2.1107006,0.4268112,-0.2040429
2.1456546,0.4192265,-0.2237244
2.1804491,0.4109411,-0.2442172
2.2150630,0.4019305,-0.2655016
2.2494735,0.3921719,-0.2875519
2.2836568,0.3816440,-0.3103360
2.3175876,0.3703278,-0.3340089
2.3512348,0.3581937,-0.3589068
2.3845604,0.3452026,-0.3842179
2.4175499,0.3313817,-0.4094811
2.4501760,0.3167245,-0.4350819
2.4824142,0.3012337,-0.4606151
2.5142492,0.2849304,-0.4857054
2.5456696,0.2678422,-0.5102640
2.5766657,0.2499956,-0.5343113
2.6072283,0.2314165,-0.5578698
2.6373494,0.2121298,-0.5809628
2.6670217,0.1921594,-0.6036140
2.6962387,0.1715283,-0.6258476
2.7249941,0.1502585,-0.6476880
2.7532824,0.1283711,-0.6691598
2.7810984,0.1058863,-0.6902873
2.8084371,0.0828233,-0.7110951
2.8352937,0.0592006,-0.7316074
2.8616636,0.0350357,-0.7518481
2.8875423,0.0103453,-0.7718410
2.9129252,-0.0148545,-0.7916097
2.9378078,-0.0405486,-0.8111774
2.9621855,-0.0667224,-0.8305669
2.9860533,-0.0933619,-0.8498010
3.0094063,-0.1204538,-0.8689019
3.0322393,-0.1479855,-0.8878918
3.0545468,-0.1759447,-0.9067925
3.0763231,-0.2043196,-0.9256258
3.0975619,-0.2330990,-0.9444129
3.1182568,-0.2622720,-0.9631753
3.1384010,-0.2918279,-0.9819339
3.1579871,-0.3217566,-1.0007100
3.1770074,-0.3520479,-1.0195244
3.1954538,-0.3826922,-1.0383979
3.2133174,-0.4136797,-1.0573515
3.2305891,-0.4450010,-1.0764059
3.2472592,-0.4766467,-1.0955819
3.2633172,-0.5086071,-1.1149003
3.2787524,-0.5408730,-1.1343820
3.2935533,-0.5734348,-1.1540478
3.3077078,-0.6062826,-1.1739184
3.3212033,-0.6394066,-1.1940147
3.3340265,-0.6727967,-1.2143575
3.3461635,-0.7064423,-1.2349673
3.3575999,-0.7403324,-1.2558649
3.3683205,-0.7744557,-1.2770704
3.3783097,-0.8088004,-1.2986040
3.3875513,-0.8433537,-1.3204854
3.3960284,-0.8781026,-1.3427338
3.4037239,-0.9130330,-1.3653679
3.4106199,-0.9481301,-1.3884054
3.4166984,-0.9833781,-1.4118632
3.4219409,-1.0187604,-1.4359126
3.4263177,-1.0542602,-1.4605606
3.4298103,-1.0898578,-1.4853170
3.4324247,-1.1255303,-1.5100540
3.4341525,-1.1612564,-1.5349880
3.4349855,-1.1970142,-1.5601377
3.4349149,-1.2327814,-1.5855218
3.4339322,-1.2685349,-1.6111589
3.4320287,-1.3042509,-1.6370671
3.4291955,-1.3399049,-1.6632640
3.4254242,-1.3754718,-1.6897668
3.4207061,-1.4109253,-1.7165916
3.4150330,-1.4462385,-1.7437538
3.4083969,-1.4813834,-1.7712674
3.4007902,-1.5163311,-1.7991450
3.3922058,-1.5510518,-1.8273975
3.3826374,-1.5855145,-1.8560342
3.3720795,-1.6196874,-1.8850618
3.3605274,-1.6535377,-1.9144849
3.3479775,-1.6870317,-1.9450637
3.3343777,-1.7201133,-1.9762609
3.3197640,-1.7527591,-2.0070217
3.3041566,-1.7849408,-2.0375250
3.2875803,-1.8166339,-2.0676151
3.2700659,-1.8478180,-2.0971896
3.2516453,-1.8784753,-2.1262320
3.2323503,-1.9085900,-2.1547308
3.2122131,-1.9381482,-2.1826792
3.1912656,-1.9671381,-2.2100747
3.1695396,-1.9955495,-2.2369183
3.1470664,-2.0233740,-2.2632150
3.1238764,-2.0506046,-2.2889723
3.0999997,-2.0772355,-2.3142008
3.0754654,-2.1032624,-2.3389133
3.0503016,-2.1286817,-2.3631245
3.0245356,-2.1534911,-2.3872975
2.9981724,-2.1776649,-2.4109623
2.9712617,-2.2012273,-2.4336915
2.9438276,-2.2241779,-2.4559959
2.9158932,-2.2465165,-2.4778983
2.8874807,-2.2682435,-2.4994201
2.8586111,-2.2893593,-2.5205828
2.8293048,-2.3098646,-2.5414084
2.7995811,-2.3297599,-2.5619189
2.7694586,-2.3490460,-2.5821304
2.7389553,-2.3677238,-2.6020183
2.7080897,-2.3857969,-2.6214930
2.6768821,-2.4032728,-2.6404801
2.6453526,-2.4201610,-2.6589640
2.6135204,-2.4364716,-2.6769435
2.5814040,-2.4522154,-2.6944197
2.5490212,-2.4674037,-2.7113953
2.5163887,-2.4820483,-2.7278745
2.4835229,-2.4961613,-2.7438632
2.4504388,-2.5097551,-2.7593681
2.4171511,-2.5228424,-2.7743973
2.3836733,-2.5354358,-2.7889596
2.3500184,-2.5475482,-2.8030644
2.3161986,-2.5591924,-2.8167218
2.2822253,-2.5703812,-2.8299424
2.2481093,-2.5811272,-2.8427370
2.2138608,-2.5914431,-2.8551166
2.1794890,-2.6013413,-2.8670924
2.1450031,-2.6108341,-2.8786757
2.1104111,-2.6199335,-2.8898776
2.0757209,-2.6286514,-2.9007093
2.0409398,-2.6369993,-2.9114163
2.0060708,-2.6449724,-2.9218008
1.9711239,-2.6525963,-2.9316094
1.9361053,-2.6598838,-2.9410598
1.9010207,-2.6668458,-2.9501898
1.8658751,-2.6734927,-2.9590093
1.8306732,-2.6798347,-2.9675278
1.7954194,-2.6858819,-2.9757546
1.7601180,-2.6916439,-2.9836985
1.7247726,-2.6971303,-2.9913679
1.6893869,-2.7023502,-2.9987710
1.6539641,-2.7073126,-3.0059153
1.6185073,-2.7120263,-3.0128084
1.5830194,-2.7165000,-3.0194570
1.5475030,-2.7207419,-3.0258678
1.5119605,-2.7247602,-3.0320470
1.4763943,-2.7285628,-3.0382104
1.4408050,-2.7321427,-3.0441633
1.4051960,-2.7355217,-3.0496718
1.3695695,-2.7387093,-3.0549403
1.3339270,-2.7417128,-3.0600017
1.2982700,-2.7445396,-3.0648602
1.2626000,-2.7471967,-3.0695192
1.2269183,-2.7496911,-3.0739821
1.1912260,-2.7520297,-3.0782515
1.1555242,-2.7542193,-3.0823300
1.1198140,-2.7562667,-3.0862195
1.0840962,-2.7581785,-3.0899218
1.0483718,-2.7599615,-3.0934380
1.0126414,-2.7616221,-3.0967690
0.9769059,-2.7631670,-3.0999690
0.9411656,-2.7645989,-3.1030129
0.9054213,-2.7659262,-3.1058408
0.8696735,-2.7671560,-3.1086660
0.8339223,-2.7682813,-3.1117247
0.7981677,-2.7692923,-3.1150655
0.7624098,-2.7701788,-3.1186979
0.7266488,-2.7709300,-3.1226274
0.6908851,-2.7715354,-3.1268595
0.6551190,-2.7719840,-3.1313996
0.6193513,-2.7722646,-3.1362532
0.5835827,-2.7723659,-3.1414259
0.5478140,-2.7722765,3.1362621
0.5120464,-2.7719846,3.1304349
0.4762812,-2.7714783,3.1242723
0.4405200,-2.7707456,3.1177694
0.4047644,-2.7697742,3.1109209
0.3690166,-2.7685518,3.1037221
0.3332788,-2.7670657,3.0961685
0.2975536,-2.7653034,3.0882556
0.2618438,-2.7632520,3.0799797
0.2261527,-2.7608986,3.0713371
0.1904837,-2.7582303,3.0623248
0.1548408,-2.7552340,3.0529402
0.1192283,-2.7518967,3.0431813
0.0836507,-2.7482054,3.0330469
0.0481132,-2.7441470,3.0225363
0.0126212,-2.7397087,3.0116496
-0.0228195,-2.7348776,3.0003880
-0.0582025,-2.7296410,2.9887534
-0.0935211,-2.7239867,2.9767487
-0.1287681,-2.7179022,2.9643780
-0.1639359,-2.7113758,2.9516465
-0.1990165,-2.7043960,2.9385604
-0.2340014,-2.6969515,2.9251275
-0.2688817,-2.6890319,2.9113565
-0.3036482,-2.6806268,2.8972578
-0.3382913,-2.6717269,2.8828430
-0.3728011,-2.6623233,2.8681250
-0.4071671,-2.6524076,2.8531183
-0.4413791,-2.6419726,2.8378385
-0.4754261,-2.6310116,2.8223030
-0.5092972,-2.6195188,2.8065301
-0.5429815,-2.6074893,2.7905395
-0.5764678,-2.5949194,2.7743524
-0.6097451,-2.5818060,2.7579907
-0.6428021,-2.5681472,2.7414776
-0.6756282,-2.5539421,2.7248370
-0.7082124,-2.5391909,2.7080938
-0.7405444,-2.5238948,2.6912734
-0.7726140,-2.5080560,2.6744017
-0.8044115,-2.4916778,2.6575049
-0.8359276,-2.4747646,2.6406092
-0.8671536,-2.4573215,2.6237515
-0.8980816,-2.4393555,2.6070311
-0.9287070,-2.4208782,2.5905958
-0.9590279,-2.4019054,2.5745252
-0.9890438,-2.3824533,2.5588115
-1.0187538,-2.3625370,2.5434247
-1.0481572,-2.3421705,2.5283358
-1.0772530,-2.3213667,2.5135176
-1.1060402,-2.3001375,2.4989440
-1.1345177,-2.2784943,2.4844910
-1.1626798,-2.2564417,2.4697325
-1.1905063,-2.2339674,2.4552314
-1.2180168,-2.2111076,2.4413691
-1.2452092,-2.1878709,2.4276380
-1.2720812,-2.1642646,2.4140172
-1.2986304,-2.1402960,2.4004864
-1.3248537,-2.1159715,2.3870257
-1.3507480,-2.0912969,2.3736156
-1.3763097,-2.0662778,2.3602369
-1.4015347,-2.0409192,2.3468707
-1.4264187,-2.0152256,2.3334982
-1.4509568,-1.9892012,2.3201005
-1.4751439,-1.9628497,2.3059793
-1.4989376,-1.9361424,2.2917769
-1.5223663,-1.9091148,2.2781710
-1.5454241,-1.8817706,2.2644816
-1.5681038,-1.8541121,2.2506718
-1.5903975,-1.8261418,2.2367215
-1.6122966,-1.7978616,2.2226102
-1.6337921,-1.7692734,2.2083168
-1.6548740,-1.7403788,2.1938195
-1.6755316,-1.7111794,2.1790957
-1.6957538,-1.6816764,2.1641220
-1.7155280,-1.6518713,2.1488741
-1.7348414,-1.6217651,2.1333268
-1.7536798,-1.5913591,2.1171695
-1.7720105,-1.5606443,2.1004630
-1.7898226,-1.5296260,2.0836860
-1.8071124,-1.4983139,2.0667237
-1.8238619,-1.4667097,2.0493256
-1.8400518,-1.4348155,2.0314601
-1.8556614,-1.4026335,2.0130941
-1.8706689,-1.3701666,1.9941933
-1.8850510,-1.3374180,1.9747222
-1.8987830,-1.3043916,1.9546438
-1.9118387,-1.2710922,1.9339204
-1.9241904,-1.2375254,1.9125130
-1.9358088,-1.2036980,1.8903819
-1.9466631,-1.1696177,1.8674869
-1.9567208,-1.1352940,1.8437876
-1.9659482,-1.1007377,1.8192438
-1.9743096,-1.0659618,1.7938161
-1.9817684,-1.0309811,1.7674662
-1.9882865,-0.9958127,1.7401581
-1.9938247,-0.9604764,1.7118586
