x,y,yaw
0.0810614,0.2219794,0.0329769
0.1625196,0.2245558,0.0302637
0.2438927,0.2269098,0.0275818
0.3251816,0.2290445,0.0249315
0.4063875,0.2309629,0.0223130
0.4875113,0.2326681,0.0197266
0.5685542,0.2341633,0.0171724
0.6495171,0.2354515,0.0146508
0.7304013,0.2365357,0.0121619
0.8112076,0.2374191,0.0097061
0.8919373,0.2381046,0.0072835
0.9725913,0.2385955,0.0048943
1.0531706,0.2388948,0.0025389
1.1336764,0.2390055,0.0002173
1.2141098,0.2389308,-0.0020702
1.2944717,0.2386737,-0.0043234
1.3747632,0.2382372,-0.0065421
1.4549855,0.2376246,-0.0087261
1.5351394,0.2368388,-0.0108752
1.6152262,0.2358829,-0.0129893
1.6952469,0.2347600,-0.0150680
1.7752024,0.2334732,-0.0171113
1.8550940,0.2320256,-0.0191190
1.9349226,0.2304202,-0.0210909
2.0146893,0.2286601,-0.0230268
2.0943952,0.2267484,-0.0249265
2.1740412,0.2246882,-0.0267900
2.2536286,0.2224826,-0.0286170
2.3331583,0.2201346,-0.0304075
2.4126314,0.2176473,-0.0321611
2.4920489,0.2150237,-0.0338779
2.5714120,0.2122671,-0.0355576
2.6507216,0.2093804,-0.0372001
2.7299789,0.2063667,-0.0388054
2.8091848,0.2032291,-0.0403731
2.8883405,0.1999707,-0.0419033
2.9674471,0.1965946,-0.0433958
3.0465054,0.1931037,-0.0448504
3.1255167,0.1895013,-0.0462671
3.2044820,0.1857904,-0.0476458
3.2834023,0.1819741,-0.0489863
3.3622788,0.1780554,-0.0502885
3.4411123,0.1740375,-0.0515523
3.5199041,0.1699233,-0.0527776
3.5986552,0.1657160,-0.0539644
3.6773666,0.1614187,-0.0551124
3.7560395,0.1570345,-0.0562217
3.8346747,0.1525663,-0.0572922
3.9132735,0.1480174,-0.0583236
3.9918369,0.1433907,-0.0593161
4.0703658,0.1386894,-0.0602694
4.1488615,0.1339165,-0.0611836
4.2273249,0.1290751,-0.0620585
4.3057572,0.1241683,-0.0628940
4.3841593,0.1191992,-0.0636902
4.4625323,0.1141708,-0.0644469
4.5408773,0.1090862,-0.0651640
4.6191953,0.1039486,-0.0658416
4.6974875,0.0987609,-0.0664795
4.7757548,0.0935263,-0.0670777
4.8539983,0.0882478,-0.0676361
4.9322191,0.0829285,-0.0681548
5.0104182,0.0775715,-0.0686335
5.0885968,0.0721799,-0.0690724
5.1667558,0.0667568,-0.0694714
5.2448963,0.0613051,-0.0698303
5.3230193,0.0558281,-0.0701493
5.4011260,0.0503288,-0.0704282
5.4792174,0.0448102,-0.0706670
5.5572946,0.0392754,-0.0708657
5.6353585,0.0337276,-0.0710243
5.7134103,0.0281698,-0.0711427
5.7914511,0.0226050,-0.0712210
5.8694818,0.0170364,-0.0712591
5.9475036,0.0114671,-0.0712569
6.0255174,0.0059000,-0.0712145
6.1035244,0.0003384,-0.0711319
6.1815257,-0.0052148,-0.0710090
6.2595222,-0.0107565,-0.0708459
6.3375151,-0.0162835,-0.0706426
6.4155053,-0.0217929,-0.0703990
6.4934940,-0.0272814,-0.0701151
6.5714822,-0.0327461,-0.0697910
6.6494710,-0.0381839,-0.0694267
6.7274615,-0.0435916,-0.0690221
6.8054546,-0.0489663,-0.0685774
6.8834514,-0.0543047,-0.0680924
6.9614531,-0.0596040,-0.0675673
7.0394606,-0.0648609,-0.0670020
7.1174751,-0.0700724,-0.0663966
7.1954975,-0.0752354,-0.0657510
7.2735290,-0.0803468,-0.0650654
7.3515706,-0.0854037,-0.0643398
7.4296233,-0.0904028,-0.0635741
7.5076883,-0.0953410,-0.0627685
7.5857665,-0.1002155,-0.0619230
7.6638591,-0.1050229,-0.0610375
7.7419671,-0.1097604,-0.0601123
7.8200915,-0.1144247,-0.0591472
7.8982334,-0.1190128,-0.0581424
7.9763939,-0.1235217,-0.0570980
8.0545741,-0.1279482,-0.0560139
8.1327749,-0.1322893,-0.0548902
8.2109975,-0.1365419,-0.0537271
8.2892428,-0.1407030,-0.0525246
8.3675121,-0.1447693,-0.0512827
8.4458063,-0.1487380,-0.0500015
8.5241264,-0.1526058,-0.0486812
8.6024736,-0.1563697,-0.0473217
8.6808489,-0.1600266,-0.0459232
8.7592534,-0.1635736,-0.0444858
8.8376880,-0.1670073,-0.0430095
8.9161540,-0.1703249,-0.0414945
8.9946523,-0.1735232,-0.0399409
9.0731840,-0.1765991,-0.0383487
9.1517501,-0.1795496,-0.0367180
9.2303517,-0.1823716,-0.0350491
9.3089900,-0.1850619,-0.0333419
9.3876658,-0.1876176,-0.0315967
9.4663804,-0.1900355,-0.0298135
9.5451346,-0.1923127,-0.0279924
9.6239297,-0.1944458,-0.0261337
9.7027667,-0.1964321,-0.0242373
9.7816466,-0.1982682,-0.0223036
9.8605705,-0.1999512,-0.0203325
9.9395394,-0.2014780,-0.0183244
10.0185544,-0.2028454,-0.0162792
10.0976165,-0.2040505,-0.0141972
10.1767269,-0.2050902,-0.0120785
10.2558866,-0.2059613,-0.0099234
10.3350966,-0.2066608,-0.0077319
10.4143580,-0.2071855,-0.0055042
10.4936718,-0.2075326,-0.0032406
10.5730392,-0.2076987,-0.0009411
10.6524611,-0.2076810,0.0013939
10.7319387,-0.2074762,0.0037644
10.8114730,-0.2070814,0.0061701
10.8910650,-0.2064934,0.0086107
10.9707158,-0.2057091,0.0110863
11.0504264,-0.2047255,0.0135963
11.1301980,-0.2035396,0.0161408
11.2100316,-0.2021481,0.0187195
11.2899282,-0.2005482,0.0213320
11.3698889,-0.1987365,0.0239783
11.4499148,-0.1967102,0.0266580
11.5300069,-0.1944661,0.0293710
11.6101663,-0.1920011,0.0321169
11.6903940,-0.1893121,0.0348956
11.7706911,-0.1863962,0.0377067
11.8510587,-0.1832501,0.0405500
11.9314978,-0.1798709,0.0434253
12.0120094,-0.1762554,0.0463322
12.0925947,-0.1724006,0.0492705
12.1732546,-0.1683033,0.0522400
12.2539903,-0.1639606,0.0552402
12.3348029,-0.1593693,0.0582710
12.4156932,-0.1545263,0.0613320
12.4966625,-0.1494286,0.0644229
12.5777118,-0.1440731,0.0675435
12.6588422,-0.1384567,0.0706934
12.7400546,-0.1325764,0.0738723
12.8213502,-0.1264290,0.0770798
12.9027300,-0.1200115,0.0803157
12.9841951,-0.1133208,0.0835796
13.0657465,-0.1063538,0.0868712
13.1473853,-0.0991075,0.0901901
13.2291126,-0.0915788,0.0935361
13.3109294,-0.0837645,0.0969086
13.3928367,-0.0756616,0.1003074
13.4748357,-0.0672671,0.1037322
13.5569274,-0.0585778,0.1071825
13.6391128,-0.0495908,0.1106580
13.7213930,-0.0403028,0.1141584
13.8037691,-0.0307108,0.1176831
13.8862421,-0.0208118,0.1212320
13.9688131,-0.0106026,0.1248045
14.0514807,-0.0000787,0.1284660
14.1342333,0.0107707,0.1322845
14.2170570,0.0219579,0.1362608
14.2999377,0.0334952,0.1403959
14.3828613,0.0453951,0.1446908
14.4658138,0.0576697,0.1491469
14.5487812,0.0703314,0.1537654
14.6317493,0.0833927,0.1585477
14.7147042,0.0968657,0.1634953
14.7976318,0.1107628,0.1686098
14.8805180,0.1250964,0.1738928
14.9633489,0.1398788,0.1793461
15.0461103,0.1551223,0.1849716
15.1287882,0.1708392,0.1907710
15.2113686,0.1870419,0.1967465
15.2938373,0.2037427,0.2029001
15.3761805,0.2209539,0.2092338
15.4583839,0.2386878,0.2157499
15.5404336,0.2569569,0.2224506
15.6223155,0.2757734,0.2293383
15.7040156,0.2951496,0.2364152
15.7855198,0.3150979,0.2436837
15.8668141,0.3356306,0.2511463
15.9478844,0.3567600,0.2588055
16.0287167,0.3784985,0.2666636
16.1092969,0.4008584,0.2747233
16.1896110,0.4238519,0.2829870
16.2696449,0.4474916,0.2914572
16.3493846,0.4717896,0.3001365
16.4288160,0.4967584,0.3090272
16.5079251,0.5224101,0.3181319
16.5866979,0.5487573,0.3274530
16.6651202,0.5758121,0.3369928
16.7431781,0.6035870,0.3467537
16.8208575,0.6320942,0.3567378
16.8981443,0.6613461,0.3669472
16.9750245,0.6913550,0.3773840
17.0514840,0.7221332,0.3880500
17.1275089,0.7536932,0.3989470
17.2030850,0.7860471,0.4100766
17.2781983,0.8192073,0.4214401
17.3528348,0.8531863,0.4330388
17.4269803,0.8879962,0.4448737
17.5006209,0.9236494,0.4569455
17.5737426,0.9601583,0.4692546
17.6463311,0.9975351,0.4818014
17.7183726,1.0357923,0.4945856
17.7898530,1.0749420,0.5076069
17.8607582,1.1149968,0.5208645
17.9310741,1.1559689,0.5343572
18.0007868,1.1978705,0.5480836
18.0698821,1.2407142,0.5620416
18.1383461,1.2845121,0.5762290
18.2061646,1.3292766,0.5906428
18.2733237,1.3750200,0.6052799
18.3398092,1.4217548,0.6201363
18.4056072,1.4694931,0.6352079
18.4707035,1.5182474,0.6504898
18.5350842,1.5680299,0.6659767
18.5987352,1.6188530,0.6816628
18.6616424,1.6707290,0.6975417
18.7237917,1.7236703,0.7136064
18.7851693,1.7776891,0.7298496
18.8457609,1.8327979,0.7462632
18.9055525,1.8890088,0.7628388
18.9645302,1.9463344,0.7795673
19.0226798,2.0047868,0.7964392
19.0799871,2.0643763,0.8133694
19.1364364,2.1250882,0.8301224
19.1920106,2.1868926,0.8466934
19.2466929,2.2497592,0.8630946
19.3004663,2.3136578,0.8793386
19.3533140,2.3785581,0.8954376
19.4052189,2.4444298,0.9114039
19.4561643,2.5112428,0.9272496
19.5061331,2.5789666,0.9429867
19.5551084,2.6475712,0.9586273
19.6030734,2.7170262,0.9741833
19.6500110,2.7873014,0.9896666
19.6959044,2.8583666,1.0050889
19.7407367,2.9301914,1.0204619
19.7844910,3.0027456,1.0357975
19.8271502,3.0759990,1.0511071
19.8686976,3.1499213,1.0664026
19.9091161,3.2244823,1.0816953
19.9483889,3.2996516,1.0969971
19.9864990,3.3753992,1.1123194
20.0234295,3.4516946,1.1276739
20.0591635,3.5285077,1.1430721
20.0936841,3.6058082,1.1585258
20.1269744,3.6835658,1.1740466
20.1590173,3.7617503,1.1896461
20.1897961,3.8403314,1.2053362
20.2192938,3.9192790,1.2211287
20.2474935,3.9985626,1.2370353
20.2743782,4.0781521,1.2530681
20.2999310,4.1580172,1.2692389
20.3241350,4.2381277,1.2855599
20.3469734,4.3184533,1.3020430
20.3684291,4.3989638,1.3187005
20.3884852,4.4796289,1.3355444
20.4071249,4.5604183,1.3525870
20.4243312,4.6413018,1.3698404
20.4400871,4.7222491,1.3873169
20.4543759,4.8032301,1.4050287
20.4671804,4.8842143,1.4229878
20.4784839,4.9651717,1.4412064
20.4882694,5.0460719,1.4596963
20.4965200,5.1268846,1.4784694
20.5032187,5.2075797,1.4975373
20.5083487,5.2881268,1.5169112
20.5118930,5.3684958,1.5366022
20.5138347,5.4486563,1.5566209
20.5141569,5.5285781,1.5769775
20.5128427,5.6082310,1.5976816
20.5098751,5.6875846,1.6187422
20.5052372,5.7666088,1.6401676
20.4989121,5.8452733,1.6619654
20.4908828,5.9235479,1.6841420
20.4811326,6.0014022,1.7067028
20.4696445,6.0788061,1.7296303
20.4564160,6.1557368,1.7525148
20.4414700,6.2321846,1.7751904
20.4248322,6.3081413,1.7976439
20.4065284,6.3835987,1.8198632
20.3865842,6.4585487,1.8418376
20.3650254,6.5329829,1.8635574
20.3418776,6.6068933,1.8850143
20.3171666,6.6802715,1.9062010
20.2909179,6.7531095,1.9271114
20.2631575,6.8253989,1.9477408
20.2339108,6.8971316,1.9680851
20.2032037,6.9682993,1.9881417
20.1710618,7.0388939,2.0079087
20.1375109,7.1089072,2.0273852
20.1025766,7.1783309,2.0465712
20.0662846,7.2471568,2.0654675
20.0286607,7.3153767,2.0840757
19.9897305,7.3829825,2.1023980
19.9495197,7.4499659,2.1204375
19.9080541,7.5163187,2.1381977
19.8653593,7.5820327,2.1556826
19.8214610,7.6470997,2.1728968
19.7763849,7.7115115,2.1898453
19.7301568,7.7752598,2.2065336
19.6828023,7.8383365,2.2229674
19.6343472,7.9007334,2.2391528
19.5848170,7.9624423,2.2550961
19.5342376,8.0234549,2.2708041
19.4826346,8.0837630,2.2862835
19.4300338,8.1433585,2.3015414
19.3764607,8.2022331,2.3165848
19.3219412,8.2603786,2.3314212
19.2665009,8.3177868,2.3460579
19.2101656,8.3744496,2.3605025
19.1529608,8.4303586,2.3747625
19.0949124,8.4855058,2.3888456
19.0360460,8.5398828,2.4027595
18.9763873,8.5934815,2.4165120
18.9159621,8.6462937,2.4301108
18.8547960,8.6983111,2.4435639
18.7929146,8.7495256,2.4568789
18.7303438,8.7999290,2.4700638
18.6671093,8.8495130,2.4831264
18.6032366,8.8982694,2.4960747
18.5387516,8.9461901,2.5089166
18.4736798,8.9932668,2.5216599
18.4080471,9.0394913,2.5343126
18.3418791,9.0848554,2.5468828
18.2752015,9.1293509,2.5593783
18.2080401,9.1729696,2.5718073
18.1404204,9.2157033,2.5841778
18.0723683,9.2575438,2.5964980
18.0039093,9.2984828,2.6087759
17.9350689,9.3385125,2.6210194
17.8658620,9.3776309,2.6332287
17.7962939,9.4158419,2.6454011
17.7263696,9.4531498,2.6575337
17.6560937,9.4895588,2.6696239
17.5854712,9.5250730,2.6816689
17.5145069,9.5596965,2.6936664
17.4432056,9.5934337,2.7056138
17.3715723,9.6262887,2.7175087
17.2996116,9.6582657,2.7293488
17.2273285,9.6893689,2.7411319
17.1547277,9.7196024,2.7528560
17.0818142,9.7489705,2.7645188
17.0085928,9.7774773,2.7761186
16.9350683,9.8051271,2.7876533
16.8612455,9.8319240,2.7991213
16.7871294,9.8578722,2.8105209
16.7127246,9.8829760,2.8218504
16.6380361,9.9072394,2.8331085
16.5630688,9.9306668,2.8442936
16.4878274,9.9532622,2.8554044
16.4123167,9.9750299,2.8664398
16.3365417,9.9959740,2.8773985
16.2605072,10.0160988,2.8882796
16.1842180,10.0354085,2.8990821
16.1076789,10.0539072,2.9098051
16.0308948,10.0715991,2.9204477
15.9538705,10.0884884,2.9310094
15.8766109,10.1045794,2.9414894
15.7991208,10.1198761,2.9518873
15.7214050,10.1343828,2.9622025
15.6434685,10.1481037,2.9724346
15.5653159,10.1610430,2.9825834
15.4869522,10.1732048,2.9926485
15.4083822,10.1845934,3.0026298
15.3296108,10.1952129,3.0125271
15.2506427,10.2050675,3.0223405
15.1714828,10.2141615,3.0320698
15.0921360,10.2224990,3.0417152
15.0126071,10.2300841,3.0512768
14.9329009,10.2369212,3.0607548
14.8530224,10.2430143,3.0701494
14.7729762,10.2483677,3.0794608
14.6927673,10.2529856,3.0886895
14.6124004,10.2568721,3.0978357
14.5318805,10.2600315,3.1068999
14.4512124,10.2624678,3.1158826
14.3704009,10.2641855,3.1247842
14.2894509,10.2651885,3.1336053
14.2083671,10.2654811,-3.1408388
14.1271545,10.2650675,-3.1321770
14.0458178,10.2639519,-3.1235939
13.9643620,10.2621385,-3.1150888
13.8827918,10.2596315,-3.1066611
13.8011121,10.2564350,-3.0983100
13.7193277,10.2525532,-3.0900348
13.6374435,10.2479904,-3.0818347
13.5554643,10.2427507,-3.0737090
13.4733949,10.2368383,-3.0656568
13.3912403,10.2302575,-3.0576773
13.3090051,10.2230123,-3.0497697
13.2266944,10.2151070,-3.0419331
13.1443128,10.2065458,-3.0341666
13.0618653,10.1973329,-3.0264694
12.9793566,10.1874724,-3.0188406
12.8967917,10.1769686,-3.0112793
12.8141753,10.1658256,-3.0037845
12.7315124,10.1540476,-2.9963554
12.6488077,10.1416389,-2.9889909
12.5660660,10.1286035,-2.9816903
12.4832923,10.1149458,-2.9744525
12.4004914,10.1006699,-2.9672765
12.3176680,10.0857799,-2.9601616
12.2348271,10.0702801,-2.9531066
12.1519734,10.0541747,-2.9461106
12.0691119,10.0374678,-2.9391727
11.9862474,10.0201637,-2.9322920
11.9033846,10.0022665,-2.9254674
11.8205285,9.9837804,-2.9186981
11.7376838,9.9647097,-2.9119829
11.6548555,9.9450584,-2.9053211
11.5720483,9.9248309,-2.8987116
11.4892671,9.9040312,-2.8921535
11.4065167,9.8826636,-2.8856459
11.3238020,9.8607322,-2.8791877
11.2411279,9.8382414,-2.8727780
11.1584990,9.8151951,-2.8664160
11.0759204,9.7915977,-2.8601006
10.9933968,9.7674534,-2.8538309
10.9109331,9.7427662,-2.8476059
10.8285340,9.7175405,-2.8414248
10.7462046,9.6917803,-2.8352867
10.6639495,9.6654900,-2.8291905
10.5817736,9.6386736,-2.8231354
10.4996818,9.6113354,-2.8171204
10.4176789,9.5834795,-2.8111447
10.3357698,9.5551102,-2.8052074
10.2539592,9.5262317,-2.7993074
10.1722521,9.4968480,-2.7934440
10.0906532,9.4669635,-2.7876163
10.0091675,9.4365823,-2.7818233
9.9277996,9.4057087,-2.7760641
9.8465546,9.3743466,-2.7703380
9.7654372,9.3425005,-2.7646439
9.6844522,9.3101745,-2.7589811
9.6036046,9.2773727,-2.7533486
9.5228991,9.2440994,-2.7477456
9.4423405,9.2103587,-2.7421713
9.3619338,9.1761548,-2.7366247
9.2816837,9.1414920,-2.7311050
9.2015952,9.1063744,-2.7256114
9.1216730,9.0708062,-2.7201431
9.0419219,9.0347916,-2.7146991
8.9623469,8.9983347,-2.7092786
8.8829527,8.9614399,-2.7038808
8.8037442,8.9241112,-2.6985049
8.7247263,8.8863529,-2.6931499
8.6459037,8.8481691,-2.6878152
8.5672814,8.8095640,-2.6824998
8.4888641,8.7705419,-2.6772029
8.4106566,8.7311069,-2.6719238
8.3326640,8.6912632,-2.6666615
8.2548909,8.6510150,-2.6614152
8.1773422,8.6103665,-2.6561842
8.1000227,8.5693219,-2.6509676
8.0229374,8.5278854,-2.6457646
7.9460909,8.4860611,-2.6405743
7.8694883,8.4438532,-2.6353959
7.7931342,8.4012661,-2.6302287
7.7170336,8.3583037,-2.6250717
7.6411913,8.3149703,-2.6199243
7.5656121,8.2712702,-2.6147854
7.4903009,8.2272075,-2.6096544
7.4152624,8.1827863,-2.6045304
7.3405017,8.1380110,-2.5994126
7.2660234,8.0928856,-2.5943001
7.1918324,8.0474144,-2.5891920
7.1179336,8.0016015,-2.5840877
7.0443318,7.9554512,-2.5789861
6.9710318,7.9089676,-2.5738866
6.8980386,7.8621550,-2.5687882
6.8253568,7.8150174,-2.5636900
6.7529969,7.7675584,-2.5584603
6.6809925,7.7197779,-2.5529546
6.6093832,7.6716749,-2.5471655
6.5382087,7.6232487,-2.5410853
6.4675086,7.5744982,-2.5347055
6.3973227,7.5254227,-2.5280173
6.3276905,7.4760212,-2.5210109
6.2586519,7.4262928,-2.5136761
6.1902463,7.3762366,-2.5060017
6.1225135,7.3258517,-2.4979761
6.0554933,7.2751373,-2.4895869
5.9892251,7.2240923,-2.4808207
5.9237488,7.1727161,-2.4716637
5.8591039,7.1210075,-2.4621010
5.7953301,7.0689658,-2.4521170
5.7324672,7.0165901,-2.4416951
5.6705547,6.9638794,-2.4308180
5.6096324,6.9108328,-2.4194676
5.5497399,6.8574495,-2.4076245
5.4909168,6.8037286,-2.3952689
5.4332029,6.7496691,-2.3823797
5.3766379,6.6952702,-2.3689352
5.3212613,6.6405309,-2.3549128
5.2671128,6.5854505,-2.3402889
5.2142322,6.5300279,-2.3250394
5.1626590,6.4742622,-2.3091394
5.1124331,6.4181527,-2.2925635
5.0635939,6.3616984,-2.2752857
5.0161812,6.3048983,-2.2572799
4.9702347,6.2477517,-2.2385200
4.9257940,6.1902575,-2.2189798
4.8828988,6.1324149,-2.1986338
4.8415888,6.0742231,-2.1774572
4.8019036,6.0156810,-2.1554265
4.7638828,5.9567879,-2.1325198
4.7275663,5.8975428,-2.1087174
4.6929936,5.8379448,-2.0840023
4.6602044,5.7779930,-2.0583611
4.6292383,5.7176866,-2.0317843
4.6001352,5.6570246,-2.0042674
4.5729345,5.5960061,-1.9758113
4.5476759,5.5346302,-1.9464234
4.5243993,5.4728961,-1.9161182
4.5031441,5.4108029,-1.8849181
4.4839501,5.3483496,-1.8528537
4.4668570,5.2855353,-1.8199649
4.4519044,5.2223592,-1.7863006
4.4391319,5.1588204,-1.7519192
4.4285793,5.0949179,-1.7168886
4.4202863,5.0306509,-1.6812853
4.4142924,4.9660185,-1.6451945
4.4106374,4.9010197,-1.6087084
4.4093608,4.8356537,-1.5719256
4.4104949,4.7699230,-1.5353584
4.4140207,4.7038534,-1.4998211
4.4198985,4.6374799,-1.4653396
4.4280883,4.5708378,-1.4319128
4.4385504,4.5039622,-1.3995313
4.4512449,4.4368883,-1.3681786
4.4661319,4.3696514,-1.3378322
4.4831716,4.3022866,-1.3084648
4.5023242,4.2348291,-1.2800454
4.5235498,4.1673141,-1.2525399
4.5468085,4.0997768,-1.2259120
4.5720605,4.0322523,-1.2001241
4.5992660,3.9647760,-1.1751375
4.6283851,3.8973829,-1.1509132
4.6593780,3.8301083,-1.1274119
4.6922048,3.7629874,-1.1045950
4.7268256,3.6960553,-1.0824238
4.7632007,3.6293472,-1.0608608
4.8012901,3.5628984,-1.0398690
4.8410541,3.4967440,-1.0194126
4.8824527,3.4309191,-0.9994566
4.9254461,3.3654591,-0.9799670
4.9699945,3.3003991,-0.9609110
5.0160581,3.2357743,-0.9422567
5.0635969,3.1716198,-0.9239734
5.1125712,3.1079710,-0.9060311
5.1629410,3.0448628,-0.8884010
5.2146666,2.9823307,-0.8710551
5.2677081,2.9204096,-0.8539661
5.3220256,2.8591350,-0.8371077
5.3775792,2.7985418,-0.8204542
5.4343293,2.7386653,-0.8039805
5.4922358,2.6795408,-0.7876621
5.5512590,2.6212034,-0.7714752
5.6113589,2.5636882,-0.7553961
5.6724959,2.5070306,-0.7394018
5.7346299,2.4512656,-0.7234694
5.7977212,2.3964285,-0.7075763
5.8617298,2.3425545,-0.6917002
5.9266161,2.2896787,-0.6758189
5.9923400,2.2378363,-0.6599100
6.0588618,2.1870626,-0.6439513
6.1261416,2.1373927,-0.6279207
6.1941396,2.0888618,-0.6117955
6.2628159,2.0415052,-0.5955532
6.3321306,1.9953579,-0.5791709
6.4020440,1.9504552,-0.5626253
6.4725162,1.9068323,-0.5458930
6.5435072,1.8645244,-0.5289499
6.6149832,1.8235587,-0.5119191
6.6869326,1.7839317,-0.4949381
6.7593491,1.7456328,-0.4780172
6.8322264,1.7086513,-0.4611661
6.9055584,1.6729765,-0.4443945
6.9793388,1.6385977,-0.4277118
7.0535613,1.6055042,-0.4111270
7.1282198,1.5736853,-0.3946489
7.2033080,1.5431303,-0.3782859
7.2788197,1.5138286,-0.3620460
7.3547486,1.4857693,-0.3459370
7.4310885,1.4589419,-0.3299660
7.5078331,1.4333356,-0.3141401
7.5849763,1.4089397,-0.2984656
7.6625117,1.3857436,-0.2829486
7.7404332,1.3637365,-0.2675947
7.8187346,1.3429078,-0.2524091
7.8974095,1.3232467,-0.2373966
7.9764517,1.3047426,-0.2225615
8.0558551,1.2873848,-0.2079078
8.1356133,1.2711625,-0.1934389
8.2157202,1.2560651,-0.1791580
8.2961695,1.2420819,-0.1650678
8.3769549,1.2292021,-0.1511706
8.4580703,1.2174152,-0.1374685
8.5395094,1.2067103,-0.1239630
8.6212659,1.1970769,-0.1106555
8.7033337,1.1885041,-0.0975469
8.7857065,1.1809814,-0.0846378
8.8683780,1.1744979,-0.0719286
8.9513420,1.1690431,-0.0594195
9.0345924,1.1646062,-0.0471102
9.1181228,1.1611766,-0.0350003
9.2019269,1.1587434,-0.0230892
9.2859987,1.1572962,-0.0113760
9.3703318,1.1568240,0.0001404
9.4549201,1.1573163,0.0114611
9.5397572,1.1587624,0.0225877
9.6248369,1.1611515,0.0335215
9.7101531,1.1644729,0.0442645
9.7956994,1.1687161,0.0548183
9.8814696,1.1738702,0.0651849
9.9674575,1.1799246,0.0753664
10.0536569,1.1868685,0.0853648
10.1400616,1.1946914,0.0951825
10.2266652,1.2033824,0.1048216
10.3134615,1.2129310,0.1142846
10.4004444,1.2233263,0.1235738
10.4876076,1.2345578,0.1326916
10.5749448,1.2466146,0.1416405
10.6624498,1.2594862,0.1504231
10.7501165,1.2731618,0.1590418
10.8379384,1.2876307,0.1674992
10.9259095,1.3028822,0.1757978
11.0140234,1.3189057,0.1839401
11.1022740,1.3356905,0.1919287
11.1906549,1.3532257,0.1997662
11.2791601,1.3715008,0.2074550
11.3677831,1.3905051,0.2149977
11.4565179,1.4102279,0.2223967
11.5453581,1.4306583,0.2296545
11.6342975,1.4517859,0.2367736
11.7233299,1.4735999,0.2437564
11.8124491,1.4960895,0.2506052
11.9016488,1.5192441,0.2573224
11.9909228,1.5430530,0.2639104
12.0802648,1.5675055,0.2703714
12.1696687,1.5925908,0.2767077
12.2591281,1.6182984,0.2829215
12.3486368,1.6446175,0.2890150
12.4381887,1.6715374,0.2949903
12.5277774,1.6990474,0.3008494
12.6173968,1.7271369,0.3065946
12.7070405,1.7557951,0.3122277
12.7967024,1.7850113,0.3177507
12.8863763,1.8147748,0.3231657
12.9760558,1.8450750,0.3284744
13.0657348,1.8759011,0.3336787
13.1554070,1.9072426,0.3387868
13.2450541,1.9390921,0.3439756
13.3346330,1.9714502,0.3493288
13.4240976,2.0043180,0.3548530
13.5134016,2.0376969,0.3605550
13.6024989,2.0715880,0.3664421
13.6913431,2.1059928,0.3725220
13.7798881,2.1409124,0.3788029
13.8680876,2.1763482,0.3852934
13.9558954,2.2123013,0.3920027
14.0432654,2.2487731,0.3989404
14.1301512,2.2857648,0.4061169
14.2165068,2.3232778,0.4135430
14.3022857,2.3613132,0.4212302
14.3874419,2.3998724,0.4291908
14.4719291,2.4389567,0.4374377
14.5557012,2.4785672,0.4459848
14.6387117,2.5187053,0.4548464
14.7209147,2.5593722,0.4640382
14.8022638,2.6005693,0.4735764
14.8827128,2.6422977,0.4834784
14.9622155,2.6845588,0.4937627
15.0407256,2.7273539,0.5044487
15.1181971,2.7706841,0.5155572
15.1945836,2.8145509,0.5271100
15.2698389,2.8589553,0.5391304
15.3439168,2.9038988,0.5516429
15.4167711,2.9493826,0.5646735
15.4883555,2.9954079,0.5782496
15.5586239,3.0419761,0.5924001
15.6275301,3.0890884,0.6071557
15.6950277,3.1367460,0.6225483
15.7610706,3.1849504,0.6386116
15.8256126,3.2337026,0.6553809
15.8886075,3.2830040,0.6728930
15.9500090,3.3328559,0.6911861
16.0097709,3.3832596,0.7102999
16.0678470,3.4342162,0.7302753
16.1241910,3.4857271,0.7511540
16.1787569,3.5377936,0.7729786
16.2314982,3.5904169,0.7957918
16.2823689,3.6435983,0.8196362
16.3313227,3.6973391,0.8445536
16.3783134,3.7516405,0.8705844
16.4232947,3.8065038,0.8977663
16.4662204,3.8619303,0.9261338
16.5070444,3.9179213,0.9557167
16.5457204,3.9744780,0.9865390
16.5822022,4.0316017,1.0186172
16.6164436,4.0892937,1.0519587
16.6483983,4.1475552,1.0865605
16.6780201,4.2063875,1.1224070
16.7052628,4.2657920,1.1594689
16.7300802,4.3257697,1.1977014
16.7524261,4.3863221,1.2370433
16.7722543,4.4474505,1.2774158
16.7895184,4.5091560,1.3187230
16.8041724,4.5714399,1.3608513
16.8161700,4.6343036,1.4036714
16.8254652,4.6977481,1.4469887
16.8320414,4.7617569,1.4896282
16.8359374,4.8262804,1.5311191
16.8371984,4.8912650,1.5714337
16.8358693,4.9566571,1.6105597
16.8319954,5.0224033,1.6484984
16.8256217,5.0884500,1.6852628
16.8167934,5.1547438,1.7208759
16.8055554,5.2212311,1.7553690
16.7919529,5.2878583,1.7887799
16.7760310,5.3545721,1.8211516
16.7578348,5.4213188,1.8525309
16.7374094,5.4880450,1.8829674
16.7147998,5.5546972,1.9125126
16.6900512,5.6212218,1.9412188
16.6632087,5.6875653,1.9691392
16.6343173,5.7536742,1.9963265
16.6034222,5.8194950,2.0228332
16.5705684,5.8849742,2.0487109
16.5358010,5.9500582,2.0740105
16.4991652,6.0146936,2.0987816
16.4607060,6.0788268,2.1230728
16.4204685,6.1424044,2.1469312
16.3784979,6.2053727,2.1704031
16.3348391,6.2676784,2.1935332
16.2895373,6.3292678,2.2163655
16.2426377,6.3900875,2.2389425
16.1941852,6.4500840,2.2613059
16.1442250,6.5092037,2.2834965
16.0928022,6.5673931,2.3055543
16.0399618,6.6245988,2.3275184
15.9857491,6.6807671,2.3494273
15.9302089,6.7358447,2.3713192
15.8733866,6.7897779,2.3932314
15.8153270,6.8425132,2.4152012
15.7560755,6.8939972,2.4372655
15.6956769,6.9441764,2.4594609
15.6341765,6.9929971,2.4818237
15.5716193,7.0404060,2.5043905
15.5080504,7.0863495,2.5271975
15.4435149,7.1307740,2.5502808
15.3780580,7.1736261,2.5736767
15.3117246,7.2148522,2.5974212
15.2445599,7.2543989,2.6215503
15.1766090,7.2922126,2.6460999
15.1079170,7.3282399,2.6710915
15.0385204,7.3624506,2.6960274
14.9684365,7.3948680,2.7206197
14.8976796,7.4255231,2.7448370
14.8262641,7.4544469,2.7686506
14.7542045,7.4816702,2.7920343
14.6815152,7.5072240,2.8149650
14.6082105,7.5311393,2.8374221
14.5343048,7.5534469,2.8593881
14.4598126,7.5741778,2.8808479
14.3847484,7.5933630,2.9017891
14.3091263,7.6110334,2.9222020
14.2329610,7.6272199,2.9420790
14.1562668,7.6419534,2.9614148
14.0790580,7.6552650,2.9802062
14.0013492,7.6671855,2.9984516
13.9231546,7.6777459,3.0161515
13.8444888,7.6869770,3.0333075
13.7653661,7.6949099,3.0499229
13.6858009,7.7015755,3.0660021
13.6058077,7.7070048,3.0815504
13.5254007,7.7112285,3.0965740
13.4445946,7.7142778,3.1110800
13.3634035,7.7161835,3.1250761
13.2818420,7.7169765,3.1385703
13.1999245,7.7166879,-3.1316141
13.1176653,7.7153485,-3.1190977
13.0350789,7.7129893,-3.1070567
12.9521797,7.7096412,-3.0954821
12.8689821,7.7053351,-3.0843646
12.7855004,7.7001021,-3.0736951
12.7017491,7.6939729,-3.0634644
12.6177426,7.6869786,-3.0536636
12.5334954,7.6791502,-3.0442838
12.4490217,7.6705184,-3.0353164
12.3643360,7.6611143,-3.0267530
12.2794528,7.6509689,-3.0185856
12.1943863,7.6401130,-3.0108061
12.1091511,7.6285775,-3.0034072
12.0237616,7.6163935,-2.9963816
11.9382320,7.6035919,-2.9897224
11.8525770,7.5902035,-2.9834231
11.7668107,7.5762594,-2.9774774
11.6809477,7.5617904,-2.9718797
11.5950024,7.5468276,-2.9666244
11.5089892,7.5314018,-2.9617065
11.4229224,7.5155439,-2.9571213
11.3368165,7.4992850,-2.9528646
11.2506858,7.4826559,-2.9489324
11.1645449,7.4656877,-2.9453213
11.0784081,7.4484111,-2.9420281
10.9922897,7.4308572,-2.9390501
10.9062043,7.4130569,-2.9363851
10.8201661,7.3950412,-2.9340311
10.7341897,7.3768409,-2.9319867
10.6482894,7.3584871,-2.9302508
10.5624796,7.3400105,-2.9288227
10.4767748,7.3214423,-2.9277022
10.3911893,7.3028133,-2.9268894
10.3057375,7.2841545,-2.9263852
10.2204339,7.2654967,-2.9261904
10.1352929,7.2468710,-2.9263066
10.0503288,7.2283082,-2.9267358
9.9655560,7.2098394,-2.9274805
9.8809891,7.1914954,-2.9285435
9.7966423,7.1733072,-2.9299282
9.7125301,7.1553057,-2.9316386
9.6286669,7.1375218,-2.9336789
9.5450670,7.1199866,-2.9360543
9.4617450,7.1027308,-2.9387653
9.3787097,7.0857754,-2.9415570
9.2959563,7.0691150,-2.9442799
9.2134776,7.0527406,-2.9469324
9.1312666,7.0366427,-2.9495129
9.0493161,7.0208123,-2.9520195
8.9676191,7.0052399,-2.9544508
8.8861685,6.9899164,-2.9568051
8.8049572,6.9748325,-2.9590809
8.7239781,6.9599790,-2.9612766
8.6432241,6.9453465,-2.9633907
8.5626881,6.9309259,-2.9654218
8.4823630,6.9167079,-2.9673684
8.4022417,6.9026833,-2.9692293
8.3223171,6.8888427,-2.9710029
8.2425821,6.8751770,-2.9726882
8.1630297,6.8616769,-2.9742837
8.0836527,6.8483331,-2.9757883
8.0044440,6.8351364,-2.9772009
7.9253966,6.8220775,-2.9785204
7.8465034,6.8091472,-2.9797456
7.7677572,6.7963362,-2.9808757
7.6891509,6.7836353,-2.9819097
7.6106776,6.7710352,-2.9828467
7.5323300,6.7585266,-2.9836859
7.4541010,6.7461004,-2.9844264
7.3759837,6.7337472,-2.9850677
7.2979709,6.7214579,-2.9856089
7.2200554,6.7092231,-2.9860497
7.1422303,6.6970335,-2.9863894
7.0644883,6.6848801,-2.9866275
6.9868225,6.6727534,-2.9867637
6.9092257,6.6606443,-2.9867976
6.8316908,6.6485434,-2.9867290
6.7542108,6.6364416,-2.9865577
6.6767784,6.6243296,-2.9862834
6.5993868,6.6121981,-2.9859062
6.5220286,6.6000378,-2.9854260
6.4446969,6.5878396,-2.9848429
6.3673846,6.5755942,-2.9841570
6.2900845,6.5632923,-2.9833685
6.2127896,6.5509246,-2.9824776
6.1354928,6.5384820,-2.9814848
6.0581870,6.5259551,-2.9803903
5.9808650,6.5133348,-2.9791947
5.9035198,6.5006117,-2.9778985
5.8261443,6.4877765,-2.9765023
5.7487315,6.4748202,-2.9750067
5.6712741,6.4617333,-2.9734124
5.5937651,6.4485067,-2.9717203
5.5161975,6.4351311,-2.9699312
5.4385641,6.4215972,-2.9680460
5.3608578,6.4078957,-2.9660657
5.2830715,6.3940176,-2.9639913
5.2051982,6.3799534,-2.9618240
5.1272307,6.3656939,-2.9595649
5.0491620,6.3512299,-2.9572152
4.9709849,6.3365521,-2.9547762
4.8926924,6.3216513,-2.9522492
4.8142774,6.3065182,-2.9496356
4.7357327,6.2911435,-2.9469369
4.6570513,6.2755181,-2.9441545
4.5782261,6.2596326,-2.9412900
4.4992500,6.2434778,-2.9383449
4.4201158,6.2270445,-2.9353208
4.3408166,6.2103234,-2.9322195
4.2613452,6.1933052,-2.9290427
4.1816945,6.1759807,-2.9257921
4.1018574,6.1583407,-2.9224695
4.0218268,6.1403758,-2.9190767
3.9415965,6.1220785,-2.9156906
3.8611687,6.1034591,-2.9125466
3.7805514,6.0845396,-2.9096582
3.6997525,6.0653418,-2.9070221
3.6187801,6.0458878,-2.9046347
3.5376420,6.0261996,-2.9024931
3.4563462,6.0062992,-2.9005944
3.3749007,5.9862086,-2.8989362
3.2933135,5.9659497,-2.8975159
3.2115925,5.9455447,-2.8963316
3.1297457,5.9250154,-2.8953813
3.0477811,5.9043839,-2.8946635
2.9657065,5.8836721,-2.8941766
2.8835301,5.8629022,-2.8939195
2.8012597,5.8420960,-2.8938912
2.7189033,5.8212755,-2.8940909
2.6364689,5.8004629,-2.8945181
2.5539645,5.7796800,-2.8951724
2.4713979,5.7589488,-2.8960537
2.3887772,5.7382915,-2.8971621
2.3061104,5.7177299,-2.8984978
2.2234054,5.6972860,-2.9000614
2.1406701,5.6769819,-2.9018535
2.0579125,5.6568396,-2.9038750
1.9751407,5.6368810,-2.9061271
1.8923625,5.6171282,-2.9086110
1.8095860,5.5976031,-2.9113281
1.7268190,5.5783278,-2.9142803
1.6440696,5.5593242,-2.9174692
1.5613457,5.5406144,-2.9208972
1.4786553,5.5222203,-2.9245663
1.3960063,5.5041639,-2.9284791
1.3134068,5.4864673,-2.9326382
1.2308646,5.4691525,-2.9370464
1.1483878,5.4522413,-2.9417067
1.0659843,5.4357559,-2.9466223
0.9836621,5.4197183,-2.9517967
0.9014291,5.4041503,-2.9572333
0.8192933,5.3890741,-2.9629359
0.7372626,5.3745117,-2.9689083
0.6553451,5.3604849,-2.9751546
0.5735487,5.3470159,-2.9816789
0.4918814,5.3341266,-2.9884856
0.4103511,5.3218390,-2.9955792
0.3289658,5.3101752,-3.0029643
0.2477334,5.2991570,-3.0106455
0.1666620,5.2888066,-3.0186276
0.0857594,5.2791459,-3.0269157
0.0050337,5.2701969,-3.0355145
-0.0755072,5.2619816,-3.0444291
-0.1558553,5.2545221,-3.0536646
-0.2360026,5.2478402,-3.0632260
-0.3159413,5.2419580,-3.0731184
-0.3956633,5.2368976,-3.0833467
-0.4751606,5.2326808,-3.0939159
-0.5544254,5.2293298,-3.1048307
-0.6334495,5.2268665,-3.1160959
-0.7122252,5.2253128,-3.1277158
-0.7907443,5.2246909,-3.1396948
-0.8689990,5.2250226,3.1311485
-0.9469812,5.2263300,3.1184399
-1.0246831,5.2286352,3.1053612
-1.1020966,5.2319600,3.0919098
-1.1792138,5.2363265,3.0780831
-1.2560266,5.2417567,3.0638795
-1.3325273,5.2482725,3.0492976
-1.4087077,5.2558961,3.0343370
-1.4845599,5.2646493,3.0189979
-1.5600760,5.2745542,3.0032812
-1.6352480,5.2856328,2.9871890
-1.7100679,5.2979071,2.9707239
-1.7845278,5.3113990,2.9538899
-1.8586197,5.3261307,2.9366918
-1.9323356,5.3421240,2.9191358
-2.0056675,5.3594009,2.9012290
-2.0786076,5.3779835,2.8829798
-2.1511478,5.3978938,2.8643980
-2.2232802,5.4191538,2.8454946
-2.2949967,5.4417854,2.8262819
-2.3662895,5.4658107,2.8067735
-2.4371506,5.4912516,2.7869844
-2.5075720,5.5181302,2.7669307
-2.5775491,5.5464589,2.7470494
-2.6470926,5.5762064,2.7278562
-2.7162176,5.6073287,2.7093596
-2.7849392,5.6397817,2.6915639
-2.8532726,5.6735216,2.6744714
-2.9212329,5.7085042,2.6580821
-2.9888352,5.7446856,2.6423939
-3.0560947,5.7820218,2.6274035
-3.1230264,5.8204689,2.6131058
-3.1896455,5.8599827,2.5994947
-3.2559672,5.9005194,2.5865632
-3.3220065,5.9420349,2.5743034
-3.3877786,5.9844852,2.5627070
-3.4532985,6.0278264,2.5517650
-3.5185816,6.0720144,2.5414685
-3.5836427,6.1170053,2.5318082
-3.6484972,6.1627551,2.5227750
-3.7131600,6.2092197,2.5143597
-3.7776465,6.2563551,2.5065534
-3.8419715,6.3041175,2.4993474
-3.9061504,6.3524627,2.4927334
-3.9701981,6.4013468,2.4867034
-4.0341300,6.4507259,2.4812499
-4.0979609,6.5005558,2.4763660
-4.1617062,6.5507926,2.4720450
-4.2253809,6.6013923,2.4682811
-4.2890002,6.6523110,2.4650689
-4.3525791,6.7035046,2.4624037
-4.4161328,6.7549291,2.4602811
-4.4796765,6.8065406,2.4586977
-4.5432252,6.8582950,2.4576506
-4.6067941,6.9101483,2.4571374
-4.6703983,6.9620566,2.4571565
-4.7340529,7.0139759,2.4577069
-4.7977731,7.0658622,2.4587880
-4.8615739,7.1176714,2.4604002
-4.9254706,7.1693596,2.4625442
-4.9894782,7.2208828,2.4652215
-5.0536119,7.2721969,2.4684341
-5.1178868,7.3232581,2.4721844
-5.1823180,7.3740223,2.4764756
-5.2469206,7.4244455,2.4813113
-5.3117099,7.4744837,2.4866956
-5.3767008,7.5240930,2.4926331
-5.4419085,7.5732292,2.4991286
-5.5073482,7.6218485,2.5061876
-5.5730349,7.6699069,2.5138157
-5.6389839,7.7173603,2.5220187
-5.7052102,7.7641648,2.5308028
-5.7717289,7.8102763,2.5401742
-5.8385553,7.8556509,2.5501391
-5.9057043,7.9002445,2.5607037
-5.9731912,7.9440132,2.5718740
-6.0410310,7.9869131,2.5836559
-6.1092389,8.0289000,2.5960547
-6.1778301,8.0699300,2.6090752
-6.2468196,8.1099591,2.6227217
-6.3162225,8.1489433,2.6369974
-6.3860540,8.1868387,2.6519047
-6.4563293,8.2236011,2.6674448
-6.5270634,8.2591867,2.6836176
-6.5982715,8.2935514,2.7004212
-6.6699687,8.3266513,2.7178523
-6.7421701,8.3584423,2.7359053
-6.8148908,8.3888805,2.7545729
-6.8881461,8.4179218,2.7738452
-6.9619509,8.4455223,2.7937098
-7.0363205,8.4716380,2.8141518
-7.1112699,8.4962248,2.8351535
-7.1868143,8.5192388,2.8566941
-7.2629688,8.5406360,2.8787502
-7.3397486,8.5603724,2.9012951
-7.4171687,8.5784040,2.9242976
-7.4952363,8.5946993,2.9472453
-7.5739317,8.6092676,2.9697514
-7.6532298,8.6221270,2.9918158
-7.7331057,8.6332953,3.0134403
-7.8135341,8.6427906,3.0346280
-7.8944901,8.6506308,3.0553831
-7.9759484,8.6568337,3.0757112
-8.0578841,8.6614175,3.0956188
-8.1402721,8.6644000,3.1151134
-8.2230872,8.6657992,3.1342030
-8.3063044,8.6656330,-3.1302887
-8.3898986,8.6639194,-3.1119818
-8.4738446,8.6606763,-3.0940517
-8.5581175,8.6559217,-3.0764882
-8.6426922,8.6496734,-3.0592807
-8.7275434,8.6419496,-3.0424185
-8.8126463,8.6327680,-3.0258905
-8.8979756,8.6221468,-3.0096859
-8.9835063,8.6101037,-2.9937934
-9.0692133,8.5966568,-2.9782019
-9.1550715,8.5818240,-2.9629003
-9.2410559,8.5656232,-2.9478774
-9.3271413,8.5480725,-2.9331222
-9.4133026,8.5291897,-2.9186238
-9.4995148,8.5089928,-2.9043714
-9.5857529,8.4874998,-2.8903542
-9.6719916,8.4647285,-2.8765617
-9.7582059,8.4406970,-2.8629835
-9.8443708,8.4154232,-2.8496091
-9.9304611,8.3889250,-2.8364286
-10.0164517,8.3612204,-2.8234319
-10.1023176,8.3323274,-2.8106092
-10.1880338,8.3022638,-2.7979507
-10.2735750,8.2710477,-2.7854470
-10.3589162,8.2386969,-2.7730887
-10.4440323,8.2052295,-2.7608665
-10.5288983,8.1706633,-2.7487712
-10.6134891,8.1350164,-2.7367938
-10.6977795,8.0983067,-2.7249255
-10.7817445,8.0605521,-2.7131574
-10.8653590,8.0217705,-2.7014808
-10.9485979,7.9819800,-2.6898872
-11.0314361,7.9411984,-2.6783679
-11.1138486,7.8994438,-2.6669145
-11.1958102,7.8567340,-2.6555186
-11.2772959,7.8130870,-2.6441718
-11.3582806,7.7685208,-2.6328657
-11.4387392,7.7230533,-2.6215920
-11.5186465,7.6767024,-2.6103424
-11.5979777,7.6294862,-2.5991085
-11.6767074,7.5814225,-2.5878819
-11.7548107,7.5325293,-2.5766543
-11.8322624,7.4828245,-2.5654173
-11.9090376,7.4323262,-2.5541622
-11.9851110,7.3810522,-2.5428806
-12.0604576,7.3290205,-2.5315638
-12.1350524,7.2762490,-2.5202029
-12.2088702,7.2227558,-2.5087892
-12.2818859,7.1685586,-2.4973135
-12.3540745,7.1136756,-2.4857667
-12.4254109,7.0581246,-2.4741394
-12.4958700,7.0019235,-2.4624222
-12.5654267,6.9450904,-2.4506052
-12.6340559,6.8876432,-2.4386785
-12.7017325,6.8295998,-2.4266320
-12.7684315,6.7709782,-2.4144552
-12.8341277,6.7117963,-2.4021373
-12.8987961,6.6520721,-2.3896675
-12.9624116,6.5918235,-2.3770344
-13.0249492,6.5310685,-2.3642264
-13.0863836,6.4698249,-2.3512316
-13.1466899,6.4081109,-2.3380376
-13.2058429,6.3459443,-2.3246319
-13.2638175,6.2833430,-2.3110012
-13.3205888,6.2203250,-2.2971322
-13.3761315,6.1569083,-2.2830109
-13.4304206,6.0931108,-2.2686232
-13.4834311,6.0289505,-2.2539542
-13.5351378,5.9644452,-2.2389888
-13.5855156,5.8996131,-2.2237113
-13.6345395,5.8344719,-2.2081057
-13.6821843,5.7690396,-2.1921556
-13.7284250,5.7033343,-2.1758439
-13.7732366,5.6373738,-2.1591534
-13.8165938,5.5711761,-2.1420663
-13.8584717,5.5047591,-2.1245646
-13.8988451,5.4381408,-2.1066299
-13.9376890,5.3713392,-2.0882435
-13.9749783,5.3043721,-2.0693867
-14.0106878,5.2372576,-2.0500406
-14.0447925,5.1700135,-2.0301861
-14.0772674,5.1026579,-2.0098047
-14.1080872,5.0352087,-1.9888776
-14.1372270,4.9676838,-1.9673867
-14.1646617,4.9001011,-1.9453147
-14.1903661,4.8324787,-1.9226447
-14.2143153,4.7648345,-1.8993611
-14.2364840,4.6971863,-1.8754495
-14.2568472,4.6295523,-1.8508973
-14.2753798,4.5619502,-1.8256935
-14.2920568,4.4943982,-1.7998297
-14.3068531,4.4269140,-1.7732999
-14.3197435,4.3595157,-1.7461011
-14.3307029,4.2922212,-1.7182339
-14.3397064,4.2250484,-1.6897024
-14.3467288,4.1580154,-1.6605150
-14.3517450,4.0911400,-1.6306846
-14.3547300,4.0244402,-1.6002289
-14.3556586,3.9579340,-1.5691708
-14.3545057,3.8916393,-1.5375385
-14.3512464,3.8255740,-1.5053654
-14.3458554,3.7597561,-1.4726908
-14.3383078,3.6942035,-1.4395591
-14.3285783,3.6289342,-1.4060200
-14.3166420,3.5639662,-1.3721280
-14.3024746,3.4993173,-1.3380335
-14.2860813,3.4350018,-1.3045659
-14.2675039,3.3710299,-1.2719388
-14.2467863,3.3074113,-1.2401793
-14.2239724,3.2441558,-1.2093066
-14.1991064,3.1812734,-1.1793321
-14.1722321,3.1187737,-1.1502603
-14.1433935,3.0566666,-1.1220895
-14.1126346,2.9949619,-1.0948127
-14.0799994,2.9336695,-1.0684182
-14.0455318,2.8727990,-1.0428904
-14.0092759,2.8123604,-1.0182105
-13.9712756,2.7523634,-0.9943568
-13.9315749,2.6928179,-0.9713058
-13.8902177,2.6337337,-0.9490324
-13.8472481,2.5751205,-0.9275101
-13.8027100,2.5169882,-0.9067119
-13.7566474,2.4593466,-0.8866103
-13.7091043,2.4022055,-0.8671775
-13.6601246,2.3455747,-0.8483859
-13.6097524,2.2894640,-0.8302081
-13.5580315,2.2338833,-0.8126169
-13.5050060,2.1788423,-0.7955859
-13.4507199,2.1243509,-0.7790892
-13.3952171,2.0704189,-0.7631016
-13.3385416,2.0170560,-0.7475984
-13.2807375,1.9642721,-0.7325559
-13.2218485,1.9120770,-0.7179511
-13.1619189,1.8604805,-0.7037618
-13.1009924,1.8094925,-0.6899664
-13.0391131,1.7591226,-0.6765443
-12.9763250,1.7093808,-0.6634755
-12.9126721,1.6602769,-0.6507406
-12.8481982,1.6118206,-0.6383211
-12.7829475,1.5640218,-0.6261991
-12.7169639,1.5168902,-0.6143571
-12.6502913,1.4704358,-0.6027786
-12.5829738,1.4246682,-0.5914472
-12.5150552,1.3795974,-0.5803473
-12.4465797,1.3352331,-0.5694636
-12.3775911,1.2915851,-0.5587813
-12.3081334,1.2486632,-0.5482860
-12.2382507,1.2064773,-0.5379637
-12.1679869,1.1650372,-0.5278005
-12.0973859,1.1243526,-0.5177829
-12.0264918,1.0844335,-0.5078976
-11.9553480,1.0452893,-0.4981255
-11.8839800,1.0069226,-0.4884080
-11.8123912,0.9693273,-0.4787354
-11.7405837,0.9324967,-0.4691103
-11.6685595,0.8964241,-0.4595352
-11.5963207,0.8611027,-0.4500125
-11.5238694,0.8265260,-0.4405446
-11.4512076,0.7926872,-0.4311339
-11.3783374,0.7595796,-0.4217825
-11.3052609,0.7271965,-0.4124928
-11.2319800,0.6955313,-0.4032668
-11.1584969,0.6645773,-0.3941066
-11.0848137,0.6343277,-0.3850142
-11.0109323,0.6047759,-0.3759916
-10.9368549,0.5759152,-0.3670406
-10.8625834,0.5477388,-0.3581630
-10.7881201,0.5202402,-0.3493605
-10.7134668,0.4934126,-0.3406348
-10.6386258,0.4672493,-0.3319874
-10.5635990,0.4417436,-0.3234199
-10.4883885,0.4168889,-0.3149337
-10.4129964,0.3926784,-0.3065301
-10.3374247,0.3691055,-0.2982105
-10.2616755,0.3461635,-0.2899760
-10.1857509,0.3238457,-0.2818278
-10.1096529,0.3021453,-0.2737670
-10.0333835,0.2810557,-0.2657946
-9.9569449,0.2605703,-0.2579115
-9.8803391,0.2406823,-0.2501187
-9.8035682,0.2213850,-0.2424169
-9.7266341,0.2026717,-0.2348068
-9.6495390,0.1845358,-0.2272893
-9.5722850,0.1669706,-0.2198648
-9.4948741,0.1499693,-0.2125340
-9.4173083,0.1335253,-0.2052974
-9.3395897,0.1176319,-0.1981555
-9.2617205,0.1022824,-0.1911086
-9.1837025,0.0874701,-0.1841571
-9.1055380,0.0731883,-0.1773013
-9.0272289,0.0594303,-0.1705415
-8.9487774,0.0461895,-0.1638779
-8.8701854,0.0334592,-0.1573106
-8.7914551,0.0212325,-0.1508397
-8.7125885,0.0095030,-0.1444654
-8.6335876,-0.0017362,-0.1381877
-8.5544546,-0.0124917,-0.1320066
-8.4751915,-0.0227701,-0.1259221
-8.3958003,-0.0325783,-0.1199341
-8.3162831,-0.0419229,-0.1140424
-8.2366420,-0.0508105,-0.1082471
-8.1568790,-0.0592479,-0.1025479
-8.0769962,-0.0672418,-0.0969446
-7.9969956,-0.0747988,-0.0914371
-7.9168794,-0.0819257,-0.0860252
-7.8366495,-0.0886290,-0.0807084
-7.7563081,-0.0949156,-0.0754867
-7.6758571,-0.1007921,-0.0703597
-7.5952987,-0.1062652,-0.0653272
-7.5146350,-0.1113416,-0.0603887
-7.4338679,-0.1160279,-0.0555439
-7.3529995,-0.1203310,-0.0507926
-7.2720319,-0.1242573,-0.0461343
-7.1909672,-0.1278138,-0.0415686
-7.1098074,-0.1310069,-0.0370953
-7.0285546,-0.1338435,-0.0327139
-6.9472108,-0.1363303,-0.0284239
-6.8657781,-0.1384738,-0.0242251
-6.7842586,-0.1402808,-0.0201169
-6.7026543,-0.1417580,-0.0160991
-6.6209672,-0.1429121,-0.0121711
-6.5391996,-0.1437498,-0.0083326
-6.4573533,-0.1442777,-0.0045831
-6.3754305,-0.1445026,-0.0009222
-6.2934332,-0.1444311,0.0026505
-6.2113634,-0.1440699,0.0061354
-6.1292234,-0.1434258,0.0095329
-6.0470150,-0.1425054,0.0128435
-5.9647404,-0.1413154,0.0160675
-5.8824016,-0.1398625,0.0192054
-5.8000008,-0.1381533,0.0222575
-5.7175398,-0.1361947,0.0252243
-5.6350209,-0.1339932,0.0281061
-5.5524460,-0.1315555,0.0309033
-5.4698173,-0.1288884,0.0336163
-5.3871367,-0.1259985,0.0362455
-5.3044064,-0.1228926,0.0387912
-5.2216285,-0.1195772,0.0412537
-5.1388049,-0.1160592,0.0436335
-5.0559377,-0.1123452,0.0459308
-4.9730290,-0.1084418,0.0481460
-4.8900809,-0.1043559,0.0502794
-4.8070953,-0.1000940,0.0523312
-4.7240745,-0.0956628,0.0543018
-4.6410204,-0.0910691,0.0561915
-4.5579351,-0.0863195,0.0580005
-4.4748206,-0.0814208,0.0597291
-4.3916791,-0.0763796,0.0613776
-4.3085125,-0.0712026,0.0629461
-4.2253230,-0.0658964,0.0644349
-4.1421126,-0.0604679,0.0658443
-4.0588833,-0.0549237,0.0671743
-3.9756373,-0.0492704,0.0684253
-3.8923765,-0.0435147,0.0695973
-3.8091031,-0.0376635,0.0706906
-3.7258191,-0.0317232,0.0717052
-3.6425265,-0.0257007,0.0726414
-3.5592275,-0.0196026,0.0734992
-3.4759241,-0.0134357,0.0742787
-3.3926183,-0.0072065,0.0749801
-3.3093122,-0.0009218,0.0756034
-3.2260078,0.0054117,0.0761487
-3.1427073,0.0117873,0.0766160
-3.0594127,0.0181984,0.0770054
-2.9761260,0.0246382,0.0773169
-2.8928494,0.0311001,0.0775504
-2.8095848,0.0375774,0.0777061
-2.7263343,0.0440633,0.0777839
-2.6431001,0.0505512,0.0777837
-2.5598840,0.0570344,0.0777055
-2.4766883,0.0635062,0.0775493
-2.3935150,0.0699599,0.0773149
-2.3103661,0.0763889,0.0770022
-2.2272437,0.0827864,0.0766113
-2.1441498,0.0891457,0.0761418
-2.0610866,0.0954602,0.0755938
-1.9780560,0.1017232,0.0749670
-1.8950602,0.1079279,0.0742613
-1.8121011,0.1140677,0.0734766
-1.7291810,0.1201360,0.0726125
-1.6463017,0.1261259,0.0716689
-1.5634654,0.1320308,0.0706457
-1.4806742,0.1378441,0.0695424
-1.3979300,0.1435590,0.0683590
-1.3152351,0.1491688,0.0670951
-1.2325913,0.1546669,0.0657505
-1.1500008,0.1600465,0.0643249
-1.0674657,0.1653010,0.0628178
-0.9849880,0.1704237,0.0612292
-0.9025697,0.1754079,0.0595585
-0.8202129,0.1802469,0.0578055
-0.7379198,0.1849340,0.0559699
-0.6556923,0.1894626,0.0540511
-0.5735324,0.1938258,0.0520489
-0.4914424,0.1980171,0.0499628
-0.4094242,0.2020298,0.0477925
-0.3274798,0.2058571,0.0455375
-0.2456115,0.2094924,0.0431974
-0.1638211,0.2129289,0.0407718
-0.0821108,0.2161601,0.0382601
-0.0004826,0.2191791,0.0356620
